Name,MdB,Partei
"Abdi, Sanae",MdB,SPD
"Abel, Valentin",MdB,FDP
"Abraham, Knut",MdB,CDU/CSU
"Adler, Katja",MdB,FDP
"Aeffner, Stephanie",MdB,Bündnis 90/Die Grünen
"Ahmetović, Adis",MdB,SPD
"Akbulut, Gökay",MdB,Gruppe Die Linke
"Al-Dailami, Ali",MdB,Gruppe BSW
"Al-Halak, Muhanad",MdB,FDP
"Alabali-Radovan, Reem",MdB,SPD
"Albani, Stephan",MdB,CDU/CSU
"Alt, Renata",MdB,FDP
"Altenkamp, Norbert Maria",MdB,CDU/CSU
"Amthor, Philipp",MdB,CDU/CSU
"Amtsberg, Luise",MdB,Bündnis 90/Die Grünen
"Andres, Dagmar",MdB,SPD
"Annen, Niels",MdB,SPD
"Arlt, Johannes",MdB,SPD
"Aschenberg-Dugnus, Christine",MdB,FDP
"Audretsch, Andreas",MdB,Bündnis 90/Die Grünen
"Auernhammer, Artur",MdB,CDU/CSU
"Aumer, Peter",MdB,CDU/CSU
"Außendorf, Maik",MdB,Bündnis 90/Die Grünen
"Bacherle, Tobias B.",MdB,Bündnis 90/Die Grünen
"Bachmann, Carolin",MdB,AfD
"Badum, Lisa",MdB,Bündnis 90/Die Grünen
"Baehrens, Heike",MdB,SPD
"Bär, Dorothee",MdB,CDU/CSU
"Bär, Karl",MdB,Bündnis 90/Die Grünen
"Baerbock, Annalena",MdB,Bündnis 90/Die Grünen
"Bahr, Ulrike",MdB,SPD
"Baldy, Daniel",MdB,SPD
"Banaszak, Felix",MdB,Bündnis 90/Die Grünen
"Baradari, Nezahat",MdB,SPD
"Bareiß, Thomas",MdB,CDU/CSU
"Bartelt, Christian",MdB,FDP
"Bartol, Sören",MdB,SPD
"Bartsch, Dr. Dietmar",MdB,Gruppe Die Linke
"Bartz, Alexander",MdB,SPD
"Bas, Bärbel",MdB,SPD
"Bauer, Nicole",MdB,FDP
"Baum, Dr. Christina",MdB,AfD
"Baumann, Dr. Bernd",MdB,AfD
"Bayram, Canan",MdB,Bündnis 90/Die Grünen
"Beck, Katharina",MdB,Bündnis 90/Die Grünen
"Beckamp, Roger",MdB,AfD
"Becker, Dr. Holger",MdB,SPD
"Beeck, Jens",MdB,FDP
"Benkstein, Barbara",MdB,AfD
"Benner, Lukas",MdB,Bündnis 90/Die Grünen
"Berghahn, Jürgen",MdB,SPD
"Berghegger, Dr. André",MdB,CDU/CSU  *
"Bergt, Bengt",MdB,SPD
"Bernhard, Marc",MdB,AfD
"Bernstein, Melanie",MdB,CDU/CSU
"Beyer, Peter",MdB,CDU/CSU
"Biadacz, Marc",MdB,CDU/CSU
"Bilger, Steffen",MdB,CDU/CSU
"Birkwald, Matthias W.",MdB,Gruppe Die Linke
"Blankenburg, Jakob",MdB,SPD
"Bleck, Andreas",MdB,AfD
"Bochmann, René",MdB,AfD
"Bodtke, Ingo",MdB,FDP
"Boehringer, Peter",MdB,AfD
"Boginski, Friedhelm",MdB,FDP
"Bollmann, Gereon",MdB,AfD
"Borchardt, Simone",MdB,CDU/CSU
"Brand (Fulda), Michael",MdB,CDU/CSU
"Brandenburg (Rhein-Neckar), Dr. Jens",MdB,FDP
"Brandenburg (Südpfalz), Mario",MdB,FDP
"Brandes, Dirk",MdB,AfD
"Brandl, Dr. Reinhard",MdB,CDU/CSU
"Brandner, Stephan",MdB,AfD
"Brantner, Dr. Franziska",MdB,Bündnis 90/Die Grünen
"Braun, Prof. Dr. Helge",MdB,CDU/CSU
"Braun, Jürgen",MdB,AfD
"Breher, Silvia",MdB,CDU/CSU
"Brehm, Sebastian",MdB,CDU/CSU
"Brehmer, Heike",MdB,CDU/CSU
"Breilmann, Michael",MdB,CDU/CSU
"Breymaier, Leni",MdB,SPD
"Brinkhaus, Ralph",MdB,CDU/CSU
"Brodesser, Dr. Carsten",MdB,CDU/CSU
"Bröhr, Dr. Marlon",MdB,CDU/CSU
"Brugger, Agnieszka",MdB,Bündnis 90/Die Grünen
"Bsirske, Frank",MdB,Bündnis 90/Die Grünen
"Bubendorfer-Licht, Sandra",MdB,FDP
"Budde, Katrin",MdB,SPD
"Bühl, Marcus",MdB,AfD
"Bünger, Clara",MdB,Gruppe Die Linke
"Bury, Dr. Yannick",MdB,CDU/CSU
"Buschmann, Dr. Marco",MdB,FDP
"Busen, Karlheinz",MdB,FDP
"Bystron, Petr",MdB,AfD  *
"Cademartori, Isabel",MdB,SPD
"Castellucci, Prof. Dr. Lars",MdB,SPD
"Cezanne, Jörg",MdB,Gruppe Die Linke
"Christmann, Dr. Anna",MdB,Bündnis 90/Die Grünen
"Chrupalla, Tino",MdB,AfD
"Connemann, Gitta",MdB,CDU/CSU
"Coße, Jürgen",MdB,SPD
"Cotar, Joana",MdB,fraktionslos
"Cronenberg, Carl-Julius",MdB,FDP
"Curio, Dr. Gottfried",MdB,AfD
"Czaja, Mario",MdB,CDU/CSU
"Dahmen, Dr. Janosch",MdB,Bündnis 90/Die Grünen
"Daldrup, Bernhard",MdB,SPD
"Damerow, Astrid",MdB,CDU/CSU
"Dağdelen, Sevim",MdB,Gruppe BSW
"De Ridder, Dr. Daniela",MdB,SPD
"Deligöz, Ekin",MdB,Bündnis 90/Die Grünen
"Demir, Hakan",MdB,SPD
"Detzer, Dr. Sandra",MdB,Bündnis 90/Die Grünen
"Diaby, Dr. Karamba",MdB,SPD
"Diedenhofen, Martin",MdB,SPD
"Dieren, Jan",MdB,SPD
"Dietz, Thomas",MdB,AfD
"Dilcher, Esther",MdB,SPD
"Dittmar, Sabine",MdB,SPD
"Djir-Sarai, Bijan",MdB,FDP
"Dobrindt, Alexander",MdB,CDU/CSU
"Döring, Felix",MdB,SPD
"Domscheit-Berg, Anke",MdB,Gruppe Die Linke
"Donth, Michael",MdB,CDU/CSU
"Dröge, Katharina",MdB,Bündnis 90/Die Grünen
"Droßmann, Falko",MdB,SPD
"Düring, Deborah",MdB,Bündnis 90/Die Grünen
"Dürr, Christian",MdB,FDP
"Durz, Hansjörg",MdB,CDU/CSU
"Ebner, Harald",MdB,Bündnis 90/Die Grünen
"Echeverria, Axel",MdB,SPD
"Eckert, Leon",MdB,Bündnis 90/Die Grünen
"Edelhäußer, Ralph",MdB,CDU/CSU
"Ehrhorn, Thomas",MdB,AfD
"Eichwede, Sonja",MdB,SPD
"Emmerich, Marcel",MdB,Bündnis 90/Die Grünen
"Engelhard, Alexander",MdB,CDU/CSU
"Engelhardt, Heike",MdB,SPD
"Englhardt-Kopf, Martina",MdB,CDU/CSU
"Erndl, Thomas",MdB,CDU/CSU
"Ernst, Klaus",MdB,Gruppe BSW
"Esdar, Dr. Wiebke",MdB,SPD
"Esken, Saskia",MdB,SPD
"Espendiller, Dr. Michael",MdB,AfD
"Faber, Dr. Marcus",MdB,FDP
"Färber, Hermann",MdB,CDU/CSU
"Fäscher, Ariane",MdB,SPD
"Fahimi, Yasmin",MdB,SPD  *
"Farle, Robert",MdB,fraktionslos
"Fechner, Dr. Johannes",MdB,SPD
"Feiler, Uwe",MdB,CDU/CSU
"Felser, Peter",MdB,AfD
"Ferlemann, Enak",MdB,CDU/CSU
"Ferschl, Susanne",MdB,Gruppe Die Linke
"Fester, Emilia",MdB,Bündnis 90/Die Grünen
"Fiedler, Sebastian",MdB,SPD
"Föhr, Alexander",MdB,CDU/CSU
"Föst, Daniel",MdB,FDP
"Franke, Dr. Edgar",MdB,SPD
"Frei, Thorsten",MdB,CDU/CSU
"Fricke, Otto",MdB,FDP
"Friedhoff, Dietmar",MdB,AfD
"Friedrich (Hof), Dr. Hans-Peter",MdB,CDU/CSU
"Frieser, Michael",MdB,CDU/CSU
"Frömming, Dr. Götz",MdB,AfD
"Frohnmaier, Markus",MdB,AfD
"Funke, Fabian",MdB,SPD
"Funke-Kaiser, Maximilian",MdB,FDP
"Gädechens, Ingo",MdB,CDU/CSU
"Gambir, Schahina",MdB,Bündnis 90/Die Grünen
"Ganserer, Tessa",MdB,Bündnis 90/Die Grünen
"Gassner-Herz, Martin",MdB,FDP
"Gastel, Matthias",MdB,Bündnis 90/Die Grünen
"Gauland, Dr. Alexander",MdB,AfD
"Gava, Manuel",MdB,SPD
"Gebhart, Dr. Thomas",MdB,CDU/CSU
"Gehring, Kai",MdB,Bündnis 90/Die Grünen
"Geissler, Dr. Jonas",MdB,CDU/CSU
"Gelbhaar, Stefan",MdB,Bündnis 90/Die Grünen
"Gerdes, Michael",MdB,SPD
"Gerschau, Knut",MdB,FDP
"Gerster, Martin",MdB,SPD
"Gesenhues, Dr. Jan-Niclas",MdB,Bündnis 90/Die Grünen
"Glaser, Albrecht",MdB,AfD
"Glöckner, Angelika",MdB,SPD
"Glogowski-Merten, Anikó",MdB,FDP
"Gnauck, Hannes",MdB,AfD
"Göring-Eckardt, Katrin",MdB,Bündnis 90/Die Grünen
"Görke, Christian",MdB,Gruppe Die Linke
"Gohlke, Nicole",MdB,Gruppe Die Linke
"Gottschalk, Kay",MdB,AfD
"Gräßle, Dr. Ingeborg",MdB,CDU/CSU
"Gramling, Fabian",MdB,CDU/CSU
"Grau, Prof. Dr. Armin",MdB,Bündnis 90/Die Grünen
"Gremmels, Timon",MdB,SPD  *
"Griese, Kerstin",MdB,SPD
"Griewel, Fabian",MdB,FDP
"Gröhe, Hermann",MdB,CDU/CSU
"Grötsch, Uli",MdB,SPD  *
"Grosse-Brömer, Michael",MdB,CDU/CSU
"Grübel, Markus",MdB,CDU/CSU
"Gründer, Nils",MdB,FDP
"Grünke, Julian",MdB,FDP
"Grütters, Prof. Monika",MdB,CDU/CSU
"Grützmacher, Sabine",MdB,Bündnis 90/Die Grünen
"Grund, Manfred",MdB,CDU/CSU
"Grundl, Erhard",MdB,Bündnis 90/Die Grünen
"Grundmann, Oliver",MdB,CDU/CSU
"Güler, Serap",MdB,CDU/CSU
"Güntzler, Fritz",MdB,CDU/CSU
"Gürpinar, Ates",MdB,Gruppe Die Linke
"Gutting, Olav",MdB,CDU/CSU
"Gysi, Dr. Gregor",MdB,Gruppe Die Linke
"Haase, Christian",MdB,CDU/CSU
"Habeck, Dr. Robert",MdB,Bündnis 90/Die Grünen
"Hacker, Thomas",MdB,FDP
"Hagedorn, Bettina",MdB,SPD
"Hagl-Kehl, Rita",MdB,SPD
"Hahn, Dr. André",MdB,Gruppe Die Linke
"Hahn, Florian",MdB,CDU/CSU
"Hakverdi, Metin",MdB,SPD
"Hanke, Reginald",MdB,FDP  *
"Harder-Kühnel, Mariana Iris",MdB,AfD
"Hardt, Jürgen",MdB,CDU/CSU
"Hartewig, Philipp",MdB,FDP
"Hartmann, Sebastian",MdB,SPD
"Harzer, Ulrike",MdB,FDP
"Haßelmann, Britta",MdB,Bündnis 90/Die Grünen
"Hauer, Matthias",MdB,CDU/CSU
"Haug, Jochen",MdB,AfD
"Heck, Dr. Stefan",MdB,CDU/CSU
"Heidenblut, Dirk",MdB,SPD
"Heidt, Peter",MdB,FDP
"Heil (Peine), Hubertus",MdB,SPD
"Heil, Mechthild",MdB,CDU/CSU
"Heiligenstadt, Frauke",MdB,SPD
"Heilmann, Thomas",MdB,CDU/CSU
"Heinrich, Gabriela",MdB,SPD
"Heitmann, Linda",MdB,Bündnis 90/Die Grünen
"Helferich, Matthias",MdB,fraktionslos
"Helfrich, Mark",MdB,CDU/CSU
"Helling-Plahr, Katrin",MdB,FDP
"Hellmich, Wolfgang",MdB,SPD
"Henneberger, Kathrin",MdB,Bündnis 90/Die Grünen
"Hennig, Anke",MdB,SPD
"Hennig-Wellsow, Susanne",MdB,Gruppe Die Linke
"Hennrich, Michael",MdB,CDU/CSU  *
"Henrichmann, Marc",MdB,CDU/CSU
"Herbrand, Markus",MdB,FDP
"Herbst, Torsten",MdB,FDP
"Herrmann, Bernhard",MdB,Bündnis 90/Die Grünen
"Heselhaus, Nadine",MdB,SPD
"Hess, Martin",MdB,AfD
"Hessel, Katja",MdB,FDP
"Heubach, Heike",MdB,SPD
"Heveling, Ansgar",MdB,CDU/CSU
"Hierl, Susanne",MdB,CDU/CSU
"Hilse, Karsten",MdB,AfD
"Hirte, Christian",MdB,CDU/CSU
"Hitschler, Thomas",MdB,SPD
"Hocker, Dr. Gero Clemens",MdB,FDP
"Höchst, Nicole",MdB,AfD
"Höferlin, Manuel",MdB,FDP
"Hönel, Bruno",MdB,Bündnis 90/Die Grünen
"Hoffmann, Alexander",MdB,CDU/CSU
"Hoffmann, Dr. Bettina",MdB,Bündnis 90/Die Grünen
"Hoffmann, Dr. Christoph",MdB,FDP
"Hofreiter, Dr. Anton",MdB,Bündnis 90/Die Grünen
"Hohmann, Angela",MdB,SPD
"Holm, Leif-Erik",MdB,AfD
"Holtz, Ottmar von",MdB,Bündnis 90/Die Grünen
"Hoppenstedt, Dr. Hendrik",MdB,CDU/CSU
"Hoppermann, Franziska",MdB,CDU/CSU
"Hostert, Jasmina",MdB,SPD
"Houben, Reinhard",MdB,FDP
"Huber, Johannes",MdB,fraktionslos
"Hubertz, Verena",MdB,SPD
"Hümpfer, Markus",MdB,SPD
"Hüppe, Hubert",MdB,CDU/CSU
"Hunko, Andrej",MdB,Gruppe BSW
"Huy, Gerrit",MdB,AfD
"in der Beek, Olaf",MdB,FDP
"Irlstorfer, Erich",MdB,CDU/CSU
"Jacobi, Fabian",MdB,AfD
"Janecek, Dieter",MdB,Bündnis 90/Die Grünen
"Janich, Steffen",MdB,AfD
"Janssen, Anne",MdB,CDU/CSU
"Jarzombek, Thomas",MdB,CDU/CSU
"Jensen, Gyde",MdB,FDP
"Jongen, Dr. Marc",MdB,AfD  *
"Jung, Andreas",MdB,CDU/CSU
"Jung, Ingmar",MdB,CDU/CSU  *
"Junge, Frank",MdB,SPD
"Juratovic, Josip",MdB,SPD
"Jurisch, Dr. Ann-Veruschka",MdB,FDP
"Kaczmarek, Oliver",MdB,SPD
"Kaddor, Lamya",MdB,Bündnis 90/Die Grünen
"Kaiser, Elisabeth",MdB,SPD
"Kappert-Gonther, Dr. Kirsten",MdB,Bündnis 90/Die Grünen
"Karaahmetoğlu, Macit",MdB,SPD
"Karliczek, Anja",MdB,CDU/CSU
"Kasper, Carlos",MdB,SPD
"Kassautzki, Anna",MdB,SPD
"Katzmarek, Gabriele",MdB,SPD
"Kaufmann, Dr. Malte",MdB,AfD
"Kaufmann, Prof. Dr.-Ing. habil. Michael",MdB,AfD
"Kaufmann, Dr. Stefan",MdB,CDU/CSU
"Keller, Rainer Johannes",MdB,SPD  **
"Kellner, Michael",MdB,Bündnis 90/Die Grünen
"Kemmer, Ronja",MdB,CDU/CSU
"Kersten, Dr. Franziska",MdB,SPD
"Keul, Katja",MdB,Bündnis 90/Die Grünen
"Keuter, Stefan",MdB,AfD
"Khan, Misbah",MdB,Bündnis 90/Die Grünen
"Kiesewetter, Roderich",MdB,CDU/CSU
"Kießling, Michael",MdB,CDU/CSU
"Kindler, Sven-Christian",MdB,Bündnis 90/Die Grünen
"Kippels, Dr. Georg",MdB,CDU/CSU
"Kipping, Katja",MdB,Die Linke  *
"Kiziltepe, Cansel",MdB,SPD  *
"Kleebank, Helmut",MdB,SPD
"Klein, Karsten",MdB,FDP
"Klein, Dr. Ottilie",MdB,CDU/CSU
"Klein, Volkmar",MdB,CDU/CSU
"Klein-Schmeink, Maria",MdB,Bündnis 90/Die Grünen
"Kleinwächter, Norbert",MdB,AfD
"Klinck, Dr. Kristian",MdB,SPD
"Klingbeil, Lars",MdB,SPD
"Klöckner, Julia",MdB,CDU/CSU
"Klose, Annika",MdB,SPD
"Kluckert, Daniela",MdB,FDP
"Klüssendorf, Tim",MdB,SPD
"Knoerig, Axel",MdB,CDU/CSU
"Kober, Pascal",MdB,FDP
"Köhler, Dr. Lukas",MdB,FDP
"König, Anne",MdB,CDU/CSU
"König, Jörn",MdB,AfD
"Koeppen, Jens",MdB,CDU/CSU
"Körber, Carsten",MdB,CDU/CSU
"Kofler, Dr. Bärbel",MdB,SPD
"Komning, Enrico",MdB,AfD
"Konrad, Carina",MdB,FDP
"Koob, Markus",MdB,CDU/CSU
"Kopf, Chantal",MdB,Bündnis 90/Die Grünen
"Korte, Jan",MdB,Gruppe Die Linke
"Koß, Simona",MdB,SPD
"Kotré, Steffen",MdB,AfD
"Krämer, Philip",MdB,Bündnis 90/Die Grünen
"Kraft, Laura",MdB,Bündnis 90/Die Grünen
"Kraft, Dr. Rainer",MdB,AfD
"Kramme, Anette",MdB,SPD
"Kreiser, Dunja",MdB,SPD
"Kretz, Jürgen",MdB,Bündnis 90/Die Grünen
"Krichbaum, Gunther",MdB,CDU/CSU
"Krings, Dr. Günter",MdB,CDU/CSU
"Krischer, Oliver",MdB,Bündnis 90/Die Grünen  *
"Kröber, Martin",MdB,SPD
"Krumwiede-Steiner, Dr. Franziska",MdB,Bündnis 90/Die Grünen
"Kruse, Michael",MdB,FDP
"Kuban, Tilman",MdB,CDU/CSU
"Kubicki, Wolfgang",MdB,FDP
"Kühn (Tübingen), Christian",MdB,Bündnis 90/Die Grünen  *
"Kühnert, Kevin",MdB,SPD
"Künast, Renate",MdB,Bündnis 90/Die Grünen
"Kuhle, Konstantin",MdB,FDP
"Kurth, Markus",MdB,Bündnis 90/Die Grünen
"Lahrkamp, Sarah",MdB,SPD
"Lambsdorff, Alexander Graf",MdB,FDP  *
"Lang, Ricarda",MdB,Bündnis 90/Die Grünen
"Lange, Ulrich",MdB,CDU/CSU
"Larem, Andreas",MdB,SPD
"Laschet, Armin",MdB,CDU/CSU
"Latendorf, Ina",MdB,Gruppe Die Linke
"Launert, Dr. Silke",MdB,CDU/CSU
"Lauterbach, Prof. Dr. Karl",MdB,SPD
"Lay, Caren",MdB,Gruppe Die Linke
"Lechte, Ulrich",MdB,FDP
"Lehmann, Jens",MdB,CDU/CSU
"Lehmann, Sven",MdB,Bündnis 90/Die Grünen
"Lehmann, Sylvia",MdB,SPD
"Lehrieder, Paul",MdB,CDU/CSU
"Leikert, Dr. Katja",MdB,CDU/CSU
"Leiser, Kevin",MdB,SPD
"Lemke, Steffi",MdB,Bündnis 90/Die Grünen
"Lenders, Jürgen",MdB,FDP
"Lenkert, Ralph",MdB,Gruppe Die Linke
"Lenz, Dr. Andreas",MdB,CDU/CSU
"Leye, Christian",MdB,Gruppe BSW
"Licina-Bode, Luiza",MdB,SPD
"Lieb, Dr. Thorsten",MdB,FDP
"Liebert, Anja",MdB,Bündnis 90/Die Grünen
"Limbacher, Esra",MdB,SPD
"Limburg, Helge",MdB,Bündnis 90/Die Grünen
"Lindemann, Lars",MdB,FDP  *
"Lindh, Helge",MdB,SPD
"Lindholz, Andrea",MdB,CDU/CSU
"Lindner, Christian",MdB,FDP
"Lindner, Dr. Tobias",MdB,Bündnis 90/Die Grünen
"Link (Heilbronn), Michael Georg",MdB,FDP
"Linnemann, Dr. Carsten",MdB,CDU/CSU
"Lips, Patricia",MdB,CDU/CSU
"Lötzsch, Dr. Gesine",MdB,Gruppe Die Linke
"Loop, Denise",MdB,Bündnis 90/Die Grünen
"Loos, Bernhard",MdB,CDU/CSU
"Lucassen, Rüdiger",MdB,AfD
"Lucks, Max",MdB,Bündnis 90/Die Grünen
"Luczak, Dr. Jan-Marco",MdB,CDU/CSU
"Ludwig, Daniela",MdB,CDU/CSU
"Lührmann, Dr. Anna",MdB,Bündnis 90/Die Grünen
"Lütke, Kristine",MdB,FDP
"Lugk, Bettina",MdB,SPD
"Luksic, Oliver",MdB,FDP
"Lutze, Thomas",MdB,SPD
"Maas, Heiko",MdB,SPD  *
"Machalet, Dr. Tanja",MdB,SPD
"Mack, Klaus",MdB,CDU/CSU
"Mackensen-Geis, Isabel",MdB,SPD
"Magwas, Yvonne",MdB,CDU/CSU
"Malottki, Erik von",MdB,SPD
"Mann, Holger",MdB,SPD
"Mannes, Dr. Astrid",MdB,CDU/CSU
"Mansmann, Till",MdB,FDP
"Mansoori, Kaweh",MdB,SPD  *
"Martens, Dr. Zanda",MdB,SPD
"Martin, Dorothee",MdB,SPD
"Marvi, Parsa",MdB,SPD
"Mascheck, Franziska",MdB,SPD
"Mast, Katja",MdB,SPD
"Mattfeldt, Andreas",MdB,CDU/CSU
"Mayer (Altötting), Stephan",MdB,CDU/CSU
"Mayer, Dr. Zoe",MdB,Bündnis 90/Die Grünen
"Mayer-Lay, Volker",MdB,CDU/CSU
"Mehltretter, Andreas",MdB,SPD
"Mehmet Ali, Takis",MdB,SPD
"Meiser, Pascal",MdB,Gruppe Die Linke  *
"Meister, Dr. Michael",MdB,CDU/CSU
"Mende, Dirk-Ulrich",MdB,SPD
"Menge, Susanne",MdB,Bündnis 90/Die Grünen
"Merz, Friedrich",MdB,CDU/CSU
"Mesarosch, Robin",MdB,SPD
"Metzler, Jan",MdB,CDU/CSU
"Meyer, Christoph",MdB,FDP
"Miazga, Corinna",MdB,AfD  **
"Michaelsen, Swantje Henrike",MdB,Bündnis 90/Die Grünen
"Michel, Kathrin",MdB,SPD
"Middelberg, Dr. Mathias",MdB,CDU/CSU
"Miersch, Dr. Matthias",MdB,SPD
"Mieves, Matthias David",MdB,SPD
"Mihalic, Dr. Irene",MdB,Bündnis 90/Die Grünen
"Mijatović, Boris",MdB,Bündnis 90/Die Grünen
"Mittag, Susanne",MdB,SPD
"Möhring, Cornelia",MdB,Gruppe Die Linke
"Möller, Siemtje",MdB,SPD
"Mörseburg, Maximilian",MdB,CDU/CSU
"Mohamed Ali, Amira",MdB,Gruppe BSW
"Mohrs, Falko",MdB,SPD  *
"Moll, Claudia",MdB,SPD
"Moncsek, Mike",MdB,AfD
"Monstadt, Dietrich",MdB,CDU/CSU
"Moosdorf, Matthias",MdB,AfD
"Mordhorst, Maximilian",MdB,FDP
"Müller, Alexander",MdB,FDP
"Müller, Axel",MdB,CDU/CSU
"Müller, Bettina",MdB,SPD
"Müller (Braunschweig), Carsten",MdB,CDU/CSU
"Müller, Claudia",MdB,Bündnis 90/Die Grünen
"Müller (Chemnitz), Detlef",MdB,SPD
"Müller, Florian",MdB,CDU/CSU
"Müller, Michael",MdB,SPD
"Müller, Sascha",MdB,Bündnis 90/Die Grünen
"Müller, Sepp",MdB,CDU/CSU
"Müller (Erlangen), Stefan",MdB,CDU/CSU  *
"Müller-Gemmeke, Beate",MdB,Bündnis 90/Die Grünen
"Müller-Rosentritt, Frank",MdB,FDP
"Müntefering, Michelle",MdB,SPD
"Münz, Volker",MdB,AfD
"Münzenmaier, Sebastian",MdB,AfD
"Mützenich, Dr. Rolf",MdB,SPD
"Nacke, Dr. Stefan",MdB,CDU/CSU
"Nanni, Sara",MdB,Bündnis 90/Die Grünen
"Nasr, Rasha",MdB,SPD
"Nastic, Zaklin",MdB,Gruppe BSW
"Naujok, Edgar",MdB,AfD
"Nestle, Dr. Ingrid",MdB,Bündnis 90/Die Grünen
"Nick, Dr. Ophelia",MdB,Bündnis 90/Die Grünen
"Nickholz, Brian",MdB,SPD
"Nicolaisen, Petra",MdB,CDU/CSU
"Nietan, Dietmar",MdB,SPD
"Nolte, Jan Ralf",MdB,AfD
"Notz, Dr. Konstantin von",MdB,Bündnis 90/Die Grünen
"Nouripour, Omid",MdB,Bündnis 90/Die Grünen
"Nürnberger, Jörg",MdB,SPD
"Oehl, Lennard",MdB,SPD
"Oellers, Wilfried",MdB,CDU/CSU
"Özdemir, Cem",MdB,Bündnis 90/Die Grünen
"Özdemir (Duisburg), Mahmut",MdB,SPD
"Özoğuz, Aydan",MdB,SPD
"Oppelt, Moritz",MdB,CDU/CSU
"Ortleb, Josephine",MdB,SPD
"Oßner, Florian",MdB,CDU/CSU
"Oster, Josef",MdB,CDU/CSU
"Otte, Henning",MdB,CDU/CSU
"Otte, Karoline",MdB,Bündnis 90/Die Grünen
"Otten, Gerold",MdB,AfD
"Pahlke, Julian",MdB,Bündnis 90/Die Grünen
"Pahlmann, Ingrid",MdB,CDU/CSU
"Pantazis, Dr. Christos",MdB,SPD
"Papenbrock, Wiebke",MdB,SPD
"Papendieck, Mathias",MdB,SPD
"Pau, Petra",MdB,Gruppe Die Linke
"Paus, Lisa",MdB,Bündnis 90/Die Grünen
"Pawlik, Natalie",MdB,SPD
"Peick, Jens",MdB,SPD
"Pellmann, Sören",MdB,Gruppe Die Linke
"Perli, Victor",MdB,Gruppe Die Linke
"Peterka, Tobias Matthias",MdB,AfD
"Petry, Christian",MdB,SPD
"Philippi, Dr. Andreas",MdB,SPD  *
"Piechotta, Dr. med. Paula",MdB,Bündnis 90/Die Grünen
"Pilsinger, Dr. med. Stephan",MdB,CDU/CSU
"Plobner, Jan",MdB,SPD
"Ploß, Dr. Christoph",MdB,CDU/CSU
"Plum, Dr. Martin",MdB,CDU/CSU
"Pohl, Jürgen",MdB,AfD
"Polat, Filiz",MdB,Bündnis 90/Die Grünen
"Poschmann, Sabine",MdB,SPD
"Post (Minden), Achim",MdB,SPD
"Protschka, Stephan",MdB,AfD
"Rabanus, Martin",MdB,SPD
"Rachel, Thomas",MdB,CDU/CSU
"Radomski, Kerstin",MdB,CDU/CSU
"Radwan, Alexander",MdB,CDU/CSU
"Raffelhüschen, Claudia",MdB,FDP
"Rainer, Alois",MdB,CDU/CSU
"Ramsauer, Dr. Peter",MdB,CDU/CSU
"Redder, Dr. Volker",MdB,FDP
"Rehbaum, Henning",MdB,CDU/CSU
"Reichardt, Martin",MdB,AfD
"Reichel, Dr. Markus",MdB,CDU/CSU
"Reichinnek, Heidi",MdB,Gruppe Die Linke
"Reinalter, Dr. Anja",MdB,Bündnis 90/Die Grünen
"Reinhold, Hagen",MdB,FDP  *
"Renner, Martin Erwin",MdB,AfD
"Renner, Martina",MdB,Gruppe Die Linke
"Reuther, Bernd",MdB,FDP
"Rhie, Ye-One",MdB,SPD
"Rief, Josef",MdB,CDU/CSU
"Riexinger, Bernd",MdB,Gruppe Die Linke
"Rimkus, Andreas",MdB,SPD
"Rinck, Frank",MdB,AfD
"Rinkert, Daniel",MdB,SPD
"Rix, Sönke",MdB,SPD
"Rößner, Tabea",MdB,Bündnis 90/Die Grünen
"Röttgen, Dr. Norbert",MdB,CDU/CSU
"Röwekamp, Thomas",MdB,CDU/CSU
"Rohde, Dennis",MdB,SPD
"Rohwer, Lars",MdB,CDU/CSU
"Roloff, Sebastian",MdB,SPD
"Rosemann, Dr. Martin",MdB,SPD
"Rosenthal, Jessica",MdB,SPD
"Roth (Augsburg), Claudia",MdB,Bündnis 90/Die Grünen
"Roth (Heringen), Michael",MdB,SPD
"Rothfuß, Dr. Rainer",MdB,AfD
"Rottmann, Dr. Manuela",MdB,Bündnis 90/Die Grünen
"Rouenhoff, Stefan",MdB,CDU/CSU
"Rudolph, Dr. Thorsten",MdB,SPD
"Rudolph, Tina",MdB,SPD
"Rüddel, Erwin",MdB,CDU/CSU
"Rüffer, Corinna",MdB,Bündnis 90/Die Grünen
"Rützel, Bernd",MdB,SPD
"Ruf, Nadine",MdB,SPD
"Rupprecht, Albert",MdB,CDU/CSU
"Ryglewski, Sarah",MdB,SPD
"Saathoff, Johann",MdB,SPD
"Sacher, Michael",MdB,Bündnis 90/Die Grünen
"Santos-Wintz, Catarina dos",MdB,CDU/CSU
"Sattelberger, Dr. h. c. Thomas",MdB,FDP  *
"Sauter, Christian",MdB,FDP
"Schäfer (Bochum), Axel",MdB,SPD
"Schäfer, Ingo",MdB,SPD
"Schäfer, Jamila",MdB,Bündnis 90/Die Grünen
"Schäfer, Dr. Sebastian",MdB,Bündnis 90/Die Grünen
"Schäffler, Frank",MdB,FDP
"Schätzl, Johannes",MdB,SPD
"Schäuble, Dr. Wolfgang",MdB,CDU/CSU  **
"Schamber, Rebecca",MdB,SPD
"Schattner, Bernd",MdB,AfD
"Schauws, Ulle",MdB,Bündnis 90/Die Grünen
"Scheer, Dr. Nina",MdB,SPD
"Schenderlein, Dr. Christiane",MdB,CDU/CSU
"Scheuer, Andreas",MdB,CDU/CSU  *
"Schieder, Marianne",MdB,SPD
"Schiefner, Udo",MdB,SPD
"Schielke-Ziesing, Ulrike",MdB,AfD
"Schierenbeck, Peggy",MdB,SPD
"Schiller, Manfred",MdB,AfD
"Schimke, Jana",MdB,CDU/CSU
"Schisanowski, Timo",MdB,SPD
"Schmid, Christoph",MdB,SPD
"Schmid, Dr. Nils",MdB,SPD
"Schmidt (Wetzlar), Dagmar",MdB,SPD
"Schmidt, Eugen",MdB,AfD
"Schmidt, Jan Wenzel",MdB,AfD
"Schmidt, Stefan",MdB,Bündnis 90/Die Grünen
"Schmidt, Uwe",MdB,SPD
"Schneider (Erfurt), Carsten",MdB,SPD
"Schneider, Daniel",MdB,SPD
"Schneider, Jörg",MdB,AfD
"Schnieder, Patrick",MdB,CDU/CSU
"Schön, Nadine",MdB,CDU/CSU
"Schönberger, Marlene",MdB,Bündnis 90/Die Grünen
"Scholz, Olaf",MdB,SPD
"Schraps, Johannes",MdB,SPD
"Schreider, Christian",MdB,SPD
"Schreiner, Felix",MdB,CDU/CSU
"Schrodi, Michael",MdB,SPD
"Schröder, Christina-Johanne",MdB,Bündnis 90/Die Grünen
"Schröder, Ria",MdB,FDP
"Schulz, Anja",MdB,FDP
"Schulz, Uwe",MdB,AfD
"Schulz-Asche, Kordula",MdB,Bündnis 90/Die Grünen
"Schulze, Svenja",MdB,SPD
"Schwabe, Frank",MdB,SPD
"Schwartze, Stefan",MdB,SPD
"Schwarz, Andreas",MdB,SPD
"Schwarz, Armin",MdB,CDU/CSU  *
"Schwarzelühr-Sutter, Rita",MdB,SPD
"Seestern-Pauly, Matthias",MdB,FDP
"Seidler, Stefan",MdB,fraktionslos
"Seif, Detlef",MdB,CDU/CSU
"Seiter, Prof. Dr. Stephan",MdB,FDP
"Seitz, Thomas",MdB,fraktionslos
"Seitzl, Dr. Lina",MdB,SPD
"Sekmen, Melis",MdB,CDU/CSU
"Semet, Rainer",MdB,FDP
"Sichert, Martin",MdB,AfD
"Silberhorn, Thomas",MdB,CDU/CSU
"Simon, Björn",MdB,CDU/CSU
"Sitte, Dr. Petra",MdB,Gruppe Die Linke
"Skudelny, Judith",MdB,FDP
"Slawik, Nyke",MdB,Bündnis 90/Die Grünen
"Sorge, Tino",MdB,CDU/CSU
"Spahn, Jens",MdB,CDU/CSU
"Spallek, Dr. Anne Monika",MdB,Bündnis 90/Die Grünen
"Spaniel, Dr. Dirk",MdB,AfD
"Spellerberg, Merle",MdB,Bündnis 90/Die Grünen
"Springer, René",MdB,AfD
"Stadler, Svenja",MdB,SPD
"Staffler, Katrin",MdB,CDU/CSU
"Stahr, Nina",MdB,Bündnis 90/Die Grünen  *
"Stamm-Fibich, Martina",MdB,SPD
"Stark-Watzinger, Bettina",MdB,FDP
"Steffen, Dr. Till",MdB,Bündnis 90/Die Grünen
"Stefinger, Dr. Wolfgang",MdB,CDU/CSU
"Stegemann, Albert",MdB,CDU/CSU
"Stegner, Dr. Ralf",MdB,SPD
"Stein, Mathias",MdB,SPD
"Steiniger, Johannes",MdB,CDU/CSU
"Steinmüller, Hanna",MdB,Bündnis 90/Die Grünen
"Stetten, Christian Freiherr von",MdB,CDU/CSU
"Sthamer, Nadja",MdB,SPD
"Stier, Dieter",MdB,CDU/CSU
"Stockmeier, Konrad",MdB,FDP
"Stöber, Klaus",MdB,AfD
"Stöcker, Diana",MdB,CDU/CSU  *
"Storch, Beatrix von",MdB,AfD
"Storjohann, Gero",MdB,CDU/CSU  **
"Strack-Zimmermann, Dr. Marie-Agnes",MdB,FDP  *
"Stracke, Stephan",MdB,CDU/CSU
"Strasser, Benjamin",MdB,FDP
"Straubinger, Max",MdB,CDU/CSU
"Strengmann-Kuhn, Dr. Wolfgang",MdB,Bündnis 90/Die Grünen
"Stüwe, Ruppert",MdB,SPD
"Stumpp, Christina",MdB,CDU/CSU
"Taher Saleh, Kassem",MdB,Bündnis 90/Die Grünen
"Tatti, Jessica",MdB,Gruppe BSW
"Tausend, Claudia",MdB,SPD
"Tebroke, Dr. Hermann-Josef",MdB,CDU/CSU
"Tesfaiesus, Awet",MdB,Bündnis 90/Die Grünen
"Teuteberg, Linda",MdB,FDP
"Teutrine, Jens",MdB,FDP
"Theurer, Michael",MdB,FDP  *
"Thews, Michael",MdB,SPD
"Thies, Hans-Jürgen",MdB,CDU/CSU
"Thomae, Stephan",MdB,FDP
"Throm, Alexander",MdB,CDU/CSU
"Tillmann, Antje",MdB,CDU/CSU
"Timmermann-Fechter, Astrid",MdB,CDU/CSU
"Tippelt, Nico",MdB,FDP
"Todtenhausen, Manfred",MdB,FDP
"Töns, Markus",MdB,SPD
"Toncar, Dr. Florian",MdB,FDP
"Träger, Carsten",MdB,SPD
"Trittin, Jürgen",MdB,Bündnis 90/Die Grünen  *
"Troff-Schaffarzyk, Anja",MdB,SPD
"Trăsnea, Ana-Maria",MdB,SPD  *
"Türk-Nachbaur, Derya",MdB,SPD
"Uhl, Markus",MdB,CDU/CSU
"Uhlig, Katrin",MdB,Bündnis 90/Die Grünen
"Ullmann, Prof. Dr. Andrew",MdB,FDP
"Ullrich, Frank",MdB,SPD
"Ullrich, Gerald",MdB,FDP
"Ullrich, Dr. Volker",MdB,CDU/CSU
"Ulrich, Alexander",MdB,Gruppe BSW
"Verlinden, Dr. Julia",MdB,Bündnis 90/Die Grünen
"Vieregge, Kerstin",MdB,CDU/CSU
"Völlers, Marja-Liisa",MdB,SPD
"Vöpel, Dirk",MdB,SPD
"Vogel, Johannes",MdB,FDP
"Vogler, Kathrin",MdB,Gruppe Die Linke
"Vogt, Dr. Oliver",MdB,CDU/CSU
"Vontz, Emily",MdB,SPD
"Vries, Christoph de",MdB,CDU/CSU
"Wadephul, Dr. Johann David",MdB,CDU/CSU
"Wagener, Niklas",MdB,Bündnis 90/Die Grünen
"Wagener, Robin",MdB,Bündnis 90/Die Grünen
"Wagenknecht, Dr. Sahra",MdB,Gruppe BSW
"Wagner, Dr. Carolin",MdB,SPD
"Wagner, Johannes",MdB,Bündnis 90/Die Grünen
"Wagner, Tim",MdB,FDP
"Wallstein, Maja",MdB,SPD
"Walter, Hannes",MdB,SPD
"Walter-Rosenheimer, Beate",MdB,Bündnis 90/Die Grünen
"Wanderwitz, Marco",MdB,CDU/CSU
"Warken, Nina",MdB,CDU/CSU
"Weeser, Sandra",MdB,FDP
"Wegge, Carmen",MdB,SPD
"Wegling, Melanie",MdB,SPD
"Weidel, Dr. Alice",MdB,AfD
"Weingarten, Dr. Joe",MdB,SPD
"Weisgerber, Dr. Anja",MdB,CDU/CSU
"Weishaupt, Saskia",MdB,Bündnis 90/Die Grünen
"Weiss, Dr. jur. Maria-Lena",MdB,CDU/CSU
"Weiss (Wesel I), Sabine",MdB,CDU/CSU
"Wellenreuther, Ingo",MdB,CDU/CSU
"Wenzel, Stefan",MdB,Bündnis 90/Die Grünen
"Werner, Lena",MdB,SPD
"Westig, Nicole",MdB,FDP
"Westphal, Bernd",MdB,SPD
"Weyel, Prof. Dr. Harald",MdB,AfD
"Whittaker, Kai",MdB,CDU/CSU
"Widmann-Mauz, Annette",MdB,CDU/CSU
"Wiehle, Wolfgang",MdB,AfD
"Wiener, Dr. Klaus",MdB,CDU/CSU
"Wiese, Dirk",MdB,SPD
"Wiesmann, Bettina Margarethe",MdB,CDU/CSU
"Willkomm, Katharina",MdB,FDP
"Willsch, Klaus-Peter",MdB,CDU/CSU
"Winkelmeier-Becker, Elisabeth",MdB,CDU/CSU
"Winkler, Tobias",MdB,CDU/CSU
"Winklmann, Tina",MdB,Bündnis 90/Die Grünen
"Wirth, Dr. Christian",MdB,AfD
"Wissing, Dr. Volker",MdB,FDP
"Wissler, Janine",MdB,Gruppe Die Linke
"Witt, Uwe",MdB,fraktionslos
"Wittmann, Mechthilde",MdB,CDU/CSU
"Wollmann, Dr. Herbert",MdB,SPD
"Wulf, Mareike Lotte",MdB,CDU/CSU
"Wundrak, Joachim",MdB,AfD
"Yüksel, Gülistan",MdB,SPD
"Zeulner, Emmi",MdB,CDU/CSU
"Ziegler, Kay-Uwe",MdB,AfD
"Ziemiak, Paul",MdB,CDU/CSU
"Zierke, Stefan",MdB,SPD
"Zimmermann, Dr. Jens",MdB,SPD
"Zippelius, Nicolas",MdB,CDU/CSU
"Zorn, Armand",MdB,SPD
"Zschau, Katrin",MdB,SPD
